formal_id,engine,concurrency,repeat,successful_requests,benchmark_duration_s,request_throughput_rps,input_throughput_tps,output_throughput_tps,peak_output_throughput_tps,total_throughput_tps,concurrency_observed,mean_e2e_ms,median_e2e_ms,p90_e2e_ms,p95_e2e_ms,p99_e2e_ms,mean_ttft_ms,median_ttft_ms,p90_ttft_ms,p95_ttft_ms,p99_ttft_ms,mean_tpot_ms,median_tpot_ms,p90_tpot_ms,p95_tpot_ms,p99_tpot_ms,mean_itl_ms,median_itl_ms,p90_itl_ms,p95_itl_ms,p99_itl_ms,max_itl_ms
20260907T101719Z,vllm,1,1,10,5.66,1.77,904.14,226.03,232.0,1130.17,1.0,565.41,565.73,568.44,568.98,569.42,27.08,26.91,30.07,30.79,31.36,4.24,4.24,4.24,4.25,4.25,4.25,4.24,4.46,4.57,4.91,12.79
20260907T101719Z,vllm,1,2,10,5.65,1.77,905.63,226.41,232.0,1132.04,1.0,564.5,564.76,566.6,570.23,573.13,25.85,25.43,29.49,33.71,37.09,4.24,4.24,4.25,4.25,4.25,4.25,4.24,4.48,4.61,4.95,12.77
20260907T101719Z,vllm,1,3,10,5.65,1.77,906.0,226.5,232.0,1132.51,1.0,564.27,564.46,566.62,568.54,570.07,25.45,25.52,28.59,30.4,31.86,4.24,4.24,4.25,4.25,4.25,4.25,4.24,4.44,4.55,4.78,13.08
20260907T101719Z,vllm,1,4,10,5.64,1.77,908.47,227.12,233.0,1135.59,1.0,562.66,562.3,567.99,568.02,568.05,24.63,24.05,29.8,30.33,30.76,4.24,4.24,4.24,4.24,4.25,4.25,4.24,4.43,4.51,4.81,12.76
20260907T101719Z,vllm,1,5,10,5.64,1.77,908.54,227.13,233.0,1135.67,1.0,562.65,562.91,564.49,565.11,565.6,23.6,23.76,25.55,26.26,26.82,4.24,4.24,4.25,4.25,4.25,4.25,4.24,4.43,4.49,4.97,12.82
20260907T101719Z,vllm,8,1,40,2.92,13.7,7016.72,1754.18,1695.0,8770.9,7.96,581.19,581.69,591.74,593.78,594.93,70.06,69.22,90.72,97.76,98.54,4.02,4.07,4.19,4.22,4.45,4.02,3.89,4.21,4.38,5.43,33.98
20260907T101719Z,vllm,8,2,40,2.91,13.77,7049.08,1762.27,1703.0,8811.35,7.97,579.23,578.3,589.88,592.69,592.94,68.11,66.97,89.69,97.27,97.52,4.02,4.08,4.2,4.22,4.41,4.02,3.9,4.16,4.25,4.61,38.79
20260907T101719Z,vllm,8,3,40,2.91,13.72,7025.84,1756.46,1704.0,8782.3,7.97,580.95,579.49,588.98,591.69,592.03,68.45,67.55,86.72,98.89,99.28,4.04,4.08,4.2,4.22,4.48,4.03,3.89,4.17,4.3,7.3,32.45
20260907T101719Z,vllm,8,4,40,3.06,13.05,6684.14,1671.04,1600.0,8355.18,7.96,610.09,615.15,619.88,620.63,621.37,79.98,81.44,99.85,106.77,107.26,4.17,4.1,4.35,4.41,4.68,4.39,3.86,7.38,9.13,14.86,27.44
20260907T101719Z,vllm,8,5,40,2.9,13.79,7062.98,1765.74,1694.0,8828.72,7.97,578.01,574.84,594.84,597.88,598.34,64.04,64.13,86.0,96.92,97.1,4.05,4.02,4.23,4.24,4.47,4.04,3.91,4.17,4.32,7.91,31.29
20260907T101719Z,vllm,32,1,160,4.22,37.92,19413.95,4853.49,5075.0,24267.43,31.8,838.67,841.95,890.55,900.59,952.02,158.8,152.97,254.88,274.98,307.58,5.35,5.34,6.05,6.14,6.77,5.41,4.37,4.88,8.54,33.92,101.02
20260907T101719Z,vllm,32,2,160,4.24,37.78,19343.04,4835.76,5027.0,24178.8,31.8,841.77,841.91,881.82,897.85,940.27,167.08,167.28,267.23,275.34,309.15,5.31,5.32,6.03,6.11,6.52,5.37,4.4,4.94,7.52,33.9,100.07
20260907T101719Z,vllm,32,3,160,4.26,37.6,19250.99,4812.75,4946.0,24063.74,31.8,845.68,850.29,874.23,891.75,906.73,168.01,165.83,266.45,276.9,310.38,5.34,5.29,6.04,6.13,6.53,5.39,4.4,4.87,7.81,33.79,99.83
20260907T101719Z,vllm,32,4,160,4.24,37.75,19329.9,4832.48,5015.0,24162.38,31.8,842.18,842.23,876.34,892.27,909.28,164.44,166.33,251.49,278.7,316.46,5.34,5.32,6.02,6.13,6.65,5.39,4.4,4.88,8.35,33.83,100.18
20260907T101719Z,vllm,32,5,160,4.24,37.71,19305.57,4826.39,4983.0,24131.96,31.8,843.28,834.65,881.99,888.95,945.2,163.39,163.68,248.79,282.14,315.46,5.35,5.29,6.02,6.11,6.54,5.43,4.4,4.87,8.58,33.92,100.32
20260907T101719Z,vllm,64,1,320,6.11,52.36,26810.04,6702.51,7844.0,33512.55,63.44,1211.61,1209.1,1289.86,1326.38,1356.35,300.92,278.51,475.62,569.21,635.77,7.17,7.22,8.55,8.74,9.52,7.33,5.0,9.39,34.22,36.6,110.03
20260907T101719Z,vllm,64,2,320,6.12,52.27,26761.96,6690.49,7878.0,33452.45,63.45,1213.82,1210.74,1293.41,1305.18,1362.73,301.94,311.27,456.77,502.72,636.91,7.18,7.05,8.54,8.72,9.49,7.28,5.05,7.01,34.25,36.62,106.44
20260907T101719Z,vllm,64,3,320,6.12,52.29,26770.49,6692.62,7870.0,33463.11,63.45,1213.58,1207.5,1271.46,1318.57,1441.77,298.79,317.17,422.63,509.34,642.3,7.2,6.99,8.53,8.72,9.4,7.29,5.04,7.11,34.11,36.41,108.83
20260907T101719Z,vllm,64,4,320,6.1,52.49,26872.51,6718.13,7856.0,33590.64,63.47,1209.32,1207.4,1294.32,1320.9,1434.63,271.62,272.07,415.03,501.92,635.37,7.38,7.38,8.53,8.75,9.6,7.45,5.04,7.99,34.62,36.36,108.74
20260907T101719Z,vllm,64,5,320,6.13,52.19,26721.53,6680.38,7856.0,33401.91,63.46,1215.88,1211.07,1331.44,1369.52,1402.88,301.53,282.62,466.4,506.31,639.12,7.2,7.29,8.52,8.73,9.48,7.31,5.03,7.45,34.43,36.66,108.55
20260907T101719Z,vllm,128,1,640,10.47,61.14,31304.33,7826.08,12150.0,39130.41,126.65,2071.47,2066.16,2242.6,2427.73,2677.67,558.94,603.85,834.2,1058.69,1332.79,11.91,11.47,14.55,14.89,16.21,12.25,6.88,37.23,39.33,42.3,239.6
20260907T101719Z,vllm,128,2,640,10.48,61.09,31278.74,7819.69,11410.0,39098.43,126.74,2074.57,2068.85,2344.42,2364.28,2493.4,577.11,565.73,869.22,1061.24,1335.66,11.79,11.9,14.56,14.89,16.3,12.58,7.09,37.12,39.85,41.91,228.35
20260907T101719Z,vllm,128,3,640,10.49,61.01,31237.49,7809.37,11509.0,39046.87,126.75,2077.45,2067.46,2189.7,2436.31,2685.14,574.5,570.7,888.18,1078.76,1349.67,11.83,11.84,14.57,14.96,16.35,12.67,7.08,37.3,39.55,44.11,235.73
20260907T101719Z,vllm,128,4,640,10.49,61.01,31236.59,7809.15,12036.0,39045.74,126.69,2076.54,2064.07,2294.97,2429.0,2679.41,580.27,627.65,891.2,1064.72,1342.54,11.78,11.28,14.58,14.97,16.36,12.28,7.13,37.08,39.49,42.69,222.98
20260907T101719Z,vllm,128,5,640,10.5,60.97,31217.93,7804.48,12151.0,39022.42,126.69,2077.9,2072.23,2236.8,2387.75,2637.41,545.53,561.47,770.86,1063.03,1336.3,12.07,11.85,14.59,14.97,16.35,12.5,6.95,37.5,39.5,43.0,253.29
20260907T101719Z,sglang,1,1,10,4.96,2.02,1032.35,258.09,260.0,1290.43,1.0,493.83,493.21,495.16,497.58,499.52,22.15,21.87,23.46,26.32,28.61,3.71,3.71,3.72,3.72,3.72,3.81,3.71,3.84,4.08,7.47,7.7
20260907T101719Z,sglang,1,2,10,4.97,2.01,1029.96,257.49,260.0,1287.45,1.0,495.11,495.36,498.42,498.58,498.71,23.3,23.47,26.9,27.33,27.66,3.72,3.72,3.72,3.72,3.73,3.81,3.72,3.9,4.1,7.46,14.04
20260907T101719Z,sglang,1,3,10,4.98,2.01,1027.21,256.8,257.0,1284.02,1.0,496.26,496.19,498.81,501.21,503.13,25.6,24.93,29.14,32.06,34.39,3.71,3.71,3.72,3.72,3.72,3.8,3.71,3.89,4.06,7.45,8.05
20260907T101719Z,sglang,1,4,10,4.97,2.01,1030.62,257.66,260.0,1288.28,1.0,494.89,493.81,499.78,501.19,502.32,22.78,22.17,27.19,27.82,28.32,3.72,3.71,3.73,3.75,3.77,3.81,3.71,3.87,4.07,7.5,14.92
20260907T101719Z,sglang,1,5,10,4.97,2.01,1029.79,257.45,258.0,1287.23,1.0,495.17,495.1,498.01,498.02,498.04,24.1,23.3,27.33,28.45,29.36,3.71,3.71,3.72,3.72,3.72,3.8,3.72,3.87,4.08,7.48,8.27
20260907T101719Z,sglang,8,1,40,2.82,14.19,7262.91,1815.73,1686.0,9078.64,7.93,559.08,559.5,561.95,562.07,562.45,85.26,69.96,91.38,93.08,375.35,3.73,3.84,4.12,4.13,4.13,3.9,3.69,3.92,4.09,7.47,57.01
20260907T101719Z,sglang,8,2,40,2.81,14.24,7291.36,1822.84,1688.0,9114.2,7.93,557.01,557.76,559.39,559.82,560.05,82.15,74.0,87.13,89.46,373.32,3.74,3.79,4.13,4.15,4.15,3.91,3.7,3.94,4.11,7.45,58.53
20260907T101719Z,sglang,8,3,40,2.84,14.07,7205.07,1801.27,1667.0,9006.33,7.92,562.79,563.21,566.26,566.59,567.22,90.25,84.32,93.76,94.44,382.03,3.72,3.79,4.12,4.13,4.15,3.89,3.69,3.95,4.07,7.54,58.57
20260907T101719Z,sglang,8,4,40,2.85,14.02,7177.1,1794.28,1671.0,8971.38,7.91,564.21,565.67,572.13,572.56,573.13,88.61,79.65,98.39,99.18,377.53,3.74,3.83,4.11,4.15,4.17,3.92,3.69,5.84,7.77,14.84,56.86
20260907T101719Z,sglang,8,5,40,2.81,14.24,7292.74,1823.19,1696.0,9115.93,7.94,557.48,557.06,561.49,561.64,562.3,91.0,86.49,89.27,89.88,374.27,3.67,3.7,4.05,4.07,4.13,3.84,3.7,3.97,4.14,7.41,57.8
20260907T101719Z,sglang,32,1,160,4.23,37.84,19376.43,4844.11,5277.0,24220.53,31.71,837.91,830.65,855.44,856.31,857.91,219.52,220.54,306.14,307.68,523.62,4.87,4.79,5.86,5.91,6.11,5.04,4.21,4.62,4.95,12.52,252.42
20260907T101719Z,sglang,32,2,160,4.2,38.12,19514.94,4878.74,5289.0,24393.68,31.69,831.5,829.4,847.4,848.73,850.23,215.65,217.28,295.4,303.58,519.44,4.85,4.81,5.85,5.91,6.03,5.02,4.21,4.64,4.98,12.2,233.17
20260907T101719Z,sglang,32,3,160,4.21,38.05,19480.75,4870.19,5323.0,24350.93,31.71,833.46,833.93,847.31,848.5,850.5,216.47,228.45,291.34,296.43,525.92,4.86,4.81,5.88,5.98,6.12,5.03,4.2,4.52,4.76,12.6,244.81
20260907T101719Z,sglang,32,4,160,4.23,37.83,19368.3,4842.07,5232.0,24210.37,31.64,836.34,835.69,843.95,845.57,847.1,217.9,229.67,287.36,292.41,521.27,4.87,4.78,5.83,5.89,6.0,5.04,4.23,4.62,4.95,12.64,240.9
20260907T101719Z,sglang,32,5,160,4.22,37.91,19409.85,4852.46,5285.0,24262.31,31.64,834.64,834.53,845.28,846.24,848.49,219.6,213.25,299.68,300.8,517.54,4.84,4.87,5.8,5.91,6.06,5.01,4.22,4.67,5.22,12.49,246.24
20260907T101719Z,sglang,64,1,320,5.92,54.08,27690.15,6922.54,8040.0,34612.69,63.3,1170.49,1167.99,1196.92,1197.96,1199.62,380.43,416.39,554.2,565.62,1166.01,6.22,5.91,8.12,8.38,8.66,6.46,4.74,5.2,5.92,17.99,510.42
20260907T101719Z,sglang,64,2,320,5.92,54.08,27687.31,6921.83,8040.0,34609.14,63.24,1169.5,1167.51,1191.41,1192.51,1194.05,374.15,384.21,547.63,569.47,1168.89,6.26,6.15,8.08,8.4,8.59,6.51,4.75,5.18,5.7,17.63,514.26
20260907T101719Z,sglang,64,3,320,5.9,54.21,27754.95,6938.74,8039.0,34693.68,63.31,1167.97,1163.31,1190.54,1191.69,1193.45,375.55,395.66,549.24,571.69,1153.16,6.24,6.13,8.13,8.34,8.67,6.48,4.75,5.06,5.36,17.75,520.73
20260907T101719Z,sglang,64,4,320,5.95,53.79,27538.86,6884.71,8048.0,34423.57,63.27,1176.31,1167.69,1212.18,1216.38,1219.55,376.41,413.72,547.54,565.6,1150.66,6.3,5.96,8.05,8.47,8.74,6.54,4.73,5.77,8.6,17.89,505.73
20260907T101719Z,sglang,64,5,320,5.92,54.06,27676.79,6919.2,8046.0,34595.99,63.25,1170.12,1166.81,1189.86,1191.01,1192.52,378.56,379.87,548.52,555.64,1164.52,6.23,6.13,7.9,8.37,8.64,6.47,4.77,5.1,5.39,18.9,512.03
20260907T101719Z,sglang,128,1,640,11.08,57.75,29567.87,7391.97,13749.0,36959.83,122.69,2124.52,2099.85,2182.87,2490.28,2686.42,678.5,660.41,1036.76,1080.58,2086.49,11.39,11.45,14.44,15.49,16.28,11.8,7.9,9.52,10.9,29.71,1050.06
20260907T101719Z,sglang,128,2,640,11.39,56.18,28762.1,7190.53,12304.0,35952.63,126.2,2246.59,2153.22,2626.67,2632.62,2646.93,669.55,664.85,1037.94,1086.1,2124.67,12.42,12.51,15.99,16.54,18.25,12.87,8.17,9.42,10.54,37.92,1027.36
20260907T101719Z,sglang,128,3,640,12.03,53.21,27245.8,6811.45,13117.0,34057.25,123.64,2323.45,2334.67,2704.03,2816.7,2821.86,704.89,716.47,1016.0,1067.48,2181.17,12.74,13.29,16.13,16.57,17.48,13.19,8.74,14.97,17.61,39.78,1045.08
20260907T101719Z,sglang,128,4,640,10.88,58.81,30109.94,7527.49,13581.0,37637.43,123.91,2106.93,2105.37,2206.92,2470.15,2488.33,660.57,651.09,1033.29,1083.74,2112.02,11.39,11.45,14.38,14.71,15.89,11.78,8.02,8.67,9.44,37.45,1052.87
20260907T101719Z,sglang,128,5,640,11.27,56.78,29069.66,7267.41,12599.0,36337.07,122.88,2164.3,2158.82,2673.19,2676.79,2687.72,671.71,648.87,1018.38,1079.22,2138.0,11.75,12.05,14.74,15.45,16.16,12.18,8.15,10.89,13.59,42.59,1016.62
