trial_dir,config_label,chunked_prefill,max_num_batched_tokens,replicate,trial_kind,background_concurrency,interferer_input_tokens,interferer_count,baseline_window_s,impact_window_s,baseline_gap_count,impact_gap_count,baseline_gap_p95_ms,baseline_gap_p99_ms,impact_gap_p95_ms,impact_gap_p99_ms,impact_gap_max_ms,p95_stall_ratio,p99_stall_ratio,background_event_rate_baseline_s,background_event_rate_impact_s,background_event_rate_ratio,long_ttft_p50_ms,long_ttft_p95_ms,long_e2e_p50_ms,impact_max_running,impact_max_waiting,impact_max_kv_usage,preemptions_delta,completed_background_requests,event_token_delta_min,event_token_delta_max
results/s8/raw/interference_formal/20260908T144356Z/block_1/off_32768/control,off_32768,0,32768,1,control,64,16384,1,4.0,2.0003384072333574,37170,17152,11.023518443107601,17.176196994259953,10.996158886700869,13.329389430582527,15.434199012815952,0.9975180740570322,0.77603845804965,9276.5,8542.554568871272,0.9208812126201985,,,,64.0,0.0,0.07808747966639984,0.0,0,,
results/s8/raw/interference_formal/20260908T144356Z/block_1/off_32768/inject_16384,off_32768,0,32768,1,inject,64,16384,1,4.0,0.4454846754670143,37133,446,10.625587031245232,12.196115255355835,395.53817035630345,395.810972712934,395.95641382038593,37.225065231050074,32.453856365379664,9267.25,857.4930206062386,0.09252939335900495,444.9981991201639,444.9981991201639,605.6795436888933,65.0,0.0,0.07766789744119396,0.0,0,,
results/s8/raw/interference_formal/20260908T144356Z/block_1/off_32768/inject_24576,off_32768,0,32768,1,inject,64,24576,1,4.0,0.7527408199384809,37222,473,10.340727213770151,11.174359899014236,700.274614803493,701.8145301938057,702.3202925920486,67.72005491750886,62.80579259450175,9289.5,543.3477090207839,0.05849052252766929,752.193127758801,752.193127758801,926.73200648278,65.0,0.0,0.08097936946474216,0.0,0,,
results/s8/raw/interference_formal/20260908T144356Z/block_1/off_32768/inject_8192,off_32768,0,32768,1,inject,64,8192,1,4.0,0.23401556257158518,37225,572,10.319812595844267,11.508596390485764,172.9291709139943,173.0627428367734,173.30580484122038,16.757006903752494,15.037693300274704,9290.25,2170.7957984401282,0.23366387324777355,233.56682434678078,233.56682434678078,372.2036387771368,65.0,0.0,0.07436288052880269,0.0,0,,
results/s8/raw/interference_formal/20260908T144356Z/block_1/on_1024/control,on_1024,1,1024,1,control,64,16384,1,4.0,2.0036011934280396,37455,17152,9.960662387311457,10.763733200728893,10.022370424121618,10.916872806847115,12.87022978067398,1.0061951740166166,1.0142273691908168,9347.75,8528.643352803894,0.9123739245063137,,,,64.0,0.0,0.07616257781032587,0.0,0,,
results/s8/raw/interference_formal/20260908T144356Z/block_1/on_1024/inject_16384,on_1024,1,1024,1,inject,64,16384,1,4.0,0.8681634468957782,36724,1513,10.875822464004157,17.226229049265307,56.074449606239796,58.43438912183046,58.66347253322601,5.15588129466347,3.3921753248905437,9165.0,1669.0405535744128,0.18211026225580063,867.6913874223828,867.6913874223828,1029.022939503193,65.0,0.0,0.07579009835982775,0.0,0,,
results/s8/raw/interference_formal/20260908T144356Z/block_1/on_1024/inject_24576,on_1024,1,1024,1,inject,64,24576,1,4.0,1.4188268445432186,38409,2120,10.79997606575489,17.959121800959107,66.96785097010434,70.42121986858547,70.52050996571779,6.200740683347381,3.9211950700632046,9586.25,1449.0845080267104,0.15116281215560937,1418.138756416738,1418.138756416738,1610.8526708558202,65.0,0.0,0.07911084735918383,0.0,0,,
results/s8/raw/interference_formal/20260908T144356Z/block_1/on_1024/inject_8192,on_1024,1,1024,1,inject,64,8192,1,4.0,0.3982185199856758,37133,960,13.597857579588894,18.86112291365862,44.98324263840914,45.07665212266147,45.113639906048775,3.308112500452378,2.389924095665503,9267.25,2250.020918244158,0.24279272904520308,397.62015268206596,397.62015268206596,541.2439964711666,65.0,0.0,0.07209686990997366,0.0,0,,
results/s8/raw/interference_formal/20260908T144356Z/block_1/on_16384/control,on_16384,1,16384,1,control,64,16384,1,4.0,2.0076651284471154,37486,17216,10.616857092827559,12.880169693380598,10.509425774216652,11.554438248276709,14.267727732658386,0.9898810620062425,0.8970718960492259,9355.5,8543.257417269928,0.9131802060039472,,,,64.0,0.0,0.07696321087258062,0.0,0,,
results/s8/raw/interference_formal/20260908T144356Z/block_1/on_16384/inject_16384,on_16384,1,16384,1,inject,64,16384,1,4.0,0.48693943955004215,37304,659,9.715580986812709,10.451869778335096,392.86396000534296,393.3638088591397,393.5071639716625,40.43648656097774,37.6357357297461,9310.0,1221.9178642621587,0.13124789089819106,483.18824265152216,483.18824265152216,647.8217178955674,65.0,0.0,0.07656236081595258,0.0,0,,
results/s8/raw/interference_formal/20260908T144356Z/block_1/on_16384/inject_24576,on_16384,1,16384,1,inject,64,24576,1,4.0,0.7783670462667942,36999,541,10.19039023667574,12.548274826258389,389.8803936317563,389.92413617670536,389.93604853749275,38.25961367294421,31.073923832203146,9233.75,612.8214218314977,0.06636755617506405,777.6315677911043,777.6315677911043,966.1249155178666,65.0,0.0,0.07966735807999181,0.0,0,,
results/s8/raw/interference_formal/20260908T144356Z/block_1/on_16384/inject_8192,on_16384,1,16384,1,inject,64,8192,1,4.0,0.22185870353132486,37293,431,10.741030424833298,11.996290870010853,175.83214351907372,175.92657525092363,175.95095746219158,16.370137367132788,14.665080828501491,9307.25,1654.2060066089866,0.17773305827274294,221.40475641936064,221.40475641936064,355.99744133651257,65.0,0.0,0.07329829606912441,0.0,0,,
results/s8/raw/interference_formal/20260908T144356Z/block_1/on_2048/control,on_2048,1,2048,1,control,64,16384,1,4.0,2.0046469857916236,37348,17145,10.618943814188242,12.362109795212746,10.455488041043282,12.143106907606125,15.010477975010872,0.9846071534038476,0.9822843437540548,9321.0,8520.702208950177,0.9141403507080975,,,,64.0,0.0,0.0756823353406334,0.0,0,,
results/s8/raw/interference_formal/20260908T144356Z/block_1/on_2048/inject_16384,on_2048,1,2048,1,inject,64,16384,1,4.0,0.6480606412515044,37153,924,10.226733051240444,12.22654715180397,89.6449763327837,90.34489470534027,90.39944410324097,8.765749128643803,7.389240280483464,9272.25,1327.036306878949,0.14311912501053672,647.5466024130583,647.5466024130583,805.8461435139179,65.0,0.0,0.07563833398287723,0.0,0,,
results/s8/raw/interference_formal/20260908T144356Z/block_1/on_2048/inject_24576,on_2048,1,2048,1,inject,64,24576,1,4.0,1.084662596695125,35108,1337,16.22767806984485,25.034558856859803,101.15518104285002,102.66744654625654,105.85368890315294,6.233496906179206,4.101028787176903,8761.0,1173.6368561787997,0.13396151765538178,1083.7535299360752,1083.7535299360752,1263.1345316767693,65.0,0.0,0.07821555636573929,0.0,0,,
results/s8/raw/interference_formal/20260908T144356Z/block_1/on_2048/inject_8192,on_2048,1,2048,1,inject,64,8192,1,4.0,0.30789817683398724,37187,693,10.385085362941025,12.109293788671492,68.39639376848936,68.74104265123606,69.06496547162533,6.586021335227591,5.676717722014871,9280.75,2042.8831585421979,0.2201204814850306,306.8880410864949,306.8880410864949,441.77323766052723,65.0,0.0,0.07241366305017416,0.0,0,,
results/s8/raw/interference_formal/20260908T144356Z/block_1/on_32768/control,on_32768,1,32768,1,control,64,16384,1,4.0,2.003186679445207,37374,17088,9.75023778155446,10.661244010552762,10.21046098321676,12.692502019926907,13.696210458874702,1.0472012285211088,1.1905272975052026,9327.5,8498.459067586693,0.9111186349597098,,,,64.0,0.0,0.07766789744119396,0.0,0,,
results/s8/raw/interference_formal/20260908T144356Z/block_1/on_32768/inject_16384,on_32768,1,32768,1,inject,64,16384,1,4.0,0.4409501375630498,37270,344,10.07595262490213,10.870284521952268,399.43060050718486,399.57659404724836,400.03750286996365,39.64196889135975,36.75861411357848,9301.5,634.992431451422,0.06826774514340934,440.49502816051245,440.49502816051245,602.9444644227624,65.0,0.0,0.077674352552351,0.0,0,,
results/s8/raw/interference_formal/20260908T144356Z/block_1/on_32768/inject_24576,on_32768,1,32768,1,inject,64,24576,1,4.0,0.7522062323987484,37200,521,9.728807210922241,10.883707869797949,694.9948007240891,695.7050682976842,696.0559729486704,71.43679442468952,63.921696228934124,9284.0,607.5461493354684,0.06544012810593154,751.6747806221247,751.6747806221247,932.9104078933597,65.0,0.0,0.08097291435358522,0.0,0,,
results/s8/raw/interference_formal/20260908T144356Z/block_1/on_32768/inject_8192,on_32768,1,32768,1,inject,64,8192,1,4.0,0.225575334392488,37294,481,10.005693696439266,11.022984944283962,173.89030940830708,174.1033596917987,174.1743152961135,17.37913578847507,15.794574751921536,9307.5,1848.6063696771216,0.19861470531046163,224.37155339866877,224.37155339866877,357.6400801539421,65.0,0.0,0.07436288052880269,0.0,0,,
results/s8/raw/interference_formal/20260908T144356Z/block_1/on_4096/control,on_4096,1,4096,1,control,64,16384,1,4.0,2.004799802787602,37401,17152,9.973887354135513,11.276252567768097,10.228787316009402,11.794354310259227,13.665019534528255,1.0255567315754974,1.0459462697715787,9334.25,8523.544334072534,0.9131472088354752,,,,64.0,0.0,0.07672605012107614,0.0,0,,
results/s8/raw/interference_formal/20260908T144356Z/block_1/on_4096/inject_16384,on_4096,1,4096,1,inject,64,16384,1,4.0,0.5478881187736988,37164,703,10.368675971403718,11.475222669541836,144.85938865691423,145.09073993191123,145.10268066078424,13.970866584743227,12.643827846323106,9275.0,1166.296508546728,0.12574625429075237,547.3216604441404,547.3216604441404,711.1850641667843,65.0,0.0,0.07647182198946223,0.0,0,,
results/s8/raw/interference_formal/20260908T144356Z/block_1/on_4096/inject_24576,on_4096,1,4096,1,inject,64,24576,1,4.0,0.9228879995644093,37277,863,10.217068158090115,11.223154217004774,186.65019227191806,187.01421478763223,187.1110014617443,18.268468936866594,16.663249134033766,9303.25,865.760526062878,0.09306000871339348,922.3185256123543,922.3185256123543,1102.9637092724442,65.0,0.0,0.0797259420741202,0.0,0,,
results/s8/raw/interference_formal/20260908T144356Z/block_1/on_4096/inject_8192,on_4096,1,4096,1,inject,64,8192,1,4.0,0.2783632818609476,37324,667,10.289473971351981,11.491733929142356,111.97224361822009,111.98892245069146,111.9991596788168,10.882212631080455,9.745171889743652,9315.0,2166.233980174224,0.23255329899884317,277.6556368917227,277.6556368917227,416.5171543136239,65.0,0.0,0.07321770190480426,0.0,0,,
results/s8/raw/interference_formal/20260908T144356Z/block_1/on_512/control,on_512,1,512,1,control,64,16384,1,4.0,2.001127596013248,37413,17152,10.34452561289072,11.671791635453697,10.552668292075396,11.620701262727383,16.1672905087471,1.0201210463363637,0.9956227480474271,9337.25,8539.185624166903,0.9145289698965866,,,,64.0,0.0,0.07468475989028578,0.0,0,,
results/s8/raw/interference_formal/20260908T144356Z/block_1/on_512/inject_16384,on_512,1,512,1,inject,64,16384,1,4.0,1.2954368218779564,37413,2778,9.992368891835213,11.059682853519908,41.03358294814825,41.795208333060145,41.86522960662842,4.106492003280311,3.779060293736922,9337.25,2095.0462069355067,0.22437507905812812,1294.6463814005256,1294.6463814005256,1460.2116579189897,65.0,0.0,0.07560741386993719,0.0,0,,
results/s8/raw/interference_formal/20260908T144356Z/block_1/on_512/inject_24576,on_512,1,512,1,inject,64,24576,1,4.0,2.1288489075377584,37260,3968,10.169768519699572,11.802009521052241,49.232337856665254,55.75156065635383,56.41750432550907,4.841048029883736,4.723904056923955,9299.0,1833.854899789668,0.19720990426816518,2128.2120076939464,2128.2120076939464,2311.7482690140605,65.0,0.0,0.07927920011548861,0.0,0,,
results/s8/raw/interference_formal/20260908T144356Z/block_1/on_512/inject_8192,on_512,1,512,1,inject,64,8192,1,4.0,0.5950088677927852,37440,1548,10.095624392852184,11.535484036430717,36.20432876050472,58.34741687402129,58.527556248009205,3.5861406240645994,5.058081367869069,9344.0,2494.0804756489956,0.2669178591233942,594.5636974647641,594.5636974647641,733.3896504715085,65.0,0.0,0.07190424483596214,0.0,0,,
results/s8/raw/interference_formal/20260908T144356Z/block_1/on_8192/control,on_8192,1,8192,1,control,64,16384,1,4.0,2.003978293389082,37193,17152,10.011236183345318,11.524732299149058,10.221756529062986,12.613388355821375,13.699975796043873,1.021028406668488,1.0944625895347433,9282.25,8527.038469613944,0.9186391736501327,,,,64.0,0.0,0.07626508307536795,0.0,0,,
results/s8/raw/interference_formal/20260908T144356Z/block_1/on_8192/inject_16384,on_8192,1,8192,1,inject,64,16384,1,4.0,0.5099236099049449,37135,620,11.707645002752535,15.52782136946916,248.18304353393614,248.47124747931957,248.5982095822692,21.198374521570038,16.00168121252762,9267.75,1090.3593973686454,0.11765092901390796,509.24393720924854,509.24393720924854,666.305729188025,65.0,0.0,0.0758670794112073,0.0,0,,
results/s8/raw/interference_formal/20260908T144356Z/block_1/on_8192/inject_24576,on_8192,1,8192,1,inject,64,24576,1,4.0,0.853236679919064,37013,828,11.367808654904366,16.28043331205845,316.37639086693525,317.0077561587095,317.40114837884903,27.83090395618529,19.47170263115239,9237.25,895.4139197021759,0.09693511810356718,852.6126639917493,852.6126639917493,1037.571955472231,65.0,0.0,0.07914587150167418,0.0,0,,
results/s8/raw/interference_formal/20260908T144356Z/block_1/on_8192/inject_8192,on_8192,1,8192,1,inject,64,8192,1,4.0,0.2659117020666599,37289,728,10.544621199369429,13.257677145302313,165.9033752977848,166.3513190485537,166.4071036502719,15.733459947115584,12.547546393336193,9306.25,2497.069496526127,0.2683217726287309,265.3387216851115,265.3387216851115,403.91958970576525,65.0,0.0,0.07277781287510265,0.0,0,,
results/s8/raw/interference_formal/20260908T144356Z/block_2/off_32768/control,off_32768,0,32768,2,control,64,16384,1,4.0,2.003212326206267,37329,17088,9.995788894593716,10.788979791104794,10.278031881898642,10.96900594420731,12.339038774371147,1.0282361892874288,1.0166861145899024,9316.25,8498.350263369472,0.9122071931699419,,,,64.0,0.0,0.07788737122053246,0.0,0,,
results/s8/raw/interference_formal/20260908T144356Z/block_2/off_32768/inject_16384,off_32768,0,32768,2,inject,64,16384,1,4.0,0.44901897571980953,36939,397,9.76883927360177,11.394402775913477,399.18386675417423,399.39403120428324,399.4822269305587,40.862978248898465,35.0517740208867,9218.75,741.6167645614023,0.08044656429140636,448.51773884147406,448.51773884147406,608.2545379176736,65.0,0.0,0.07766789744119396,0.0,0,,
results/s8/raw/interference_formal/20260908T144356Z/block_2/off_32768/inject_24576,off_32768,0,32768,2,inject,64,24576,1,4.0,0.75190335419029,37155,467,10.773910302668808,13.617446329444647,704.9650016240776,706.6606756672263,707.0614928379655,65.4326035598654,51.89377351458566,9272.75,535.9731377099425,0.057800882986162955,751.158288680017,751.158288680017,935.0370448082685,65.0,0.0,0.08055978723953627,0.0,0,,
results/s8/raw/interference_formal/20260908T144356Z/block_2/off_32768/inject_8192,off_32768,0,32768,2,inject,64,8192,1,4.0,0.21467498783022165,37245,359,10.69917771965265,12.136449478566647,173.9366551861167,173.95710626617074,173.97309746593237,16.257011495997805,14.333442954085088,9295.25,1374.1703352665581,0.14783575861505158,214.17538542300463,214.17538542300463,350.08218605071306,65.0,0.0,0.07396911874822487,0.0,0,,
results/s8/raw/interference_formal/20260908T144356Z/block_2/on_1024/control,on_1024,1,1024,2,control,64,16384,1,4.0,2.005923210643232,37411,17152,10.130292270332575,11.476064566522837,10.600129328668116,12.041226876899602,15.085019171237946,1.0463794178684753,1.0492470486812542,9336.75,8518.770763174158,0.9123914384742183,,,,64.0,0.0,0.07559632566696173,0.0,0,,
results/s8/raw/interference_formal/20260908T144356Z/block_2/on_1024/inject_16384,on_1024,1,1024,2,inject,64,16384,1,4.0,0.8679506676271558,37673,1535,10.193094052374363,13.434216380119322,56.51879142969847,58.6615970171988,58.707150630652905,5.544812118802443,4.366581224939133,9402.25,1694.7967838097168,0.18025438419630585,867.0752439647913,867.0752439647913,1023.3913483098149,65.0,0.0,0.07570306466499654,0.0,0,,
results/s8/raw/interference_formal/20260908T144356Z/block_2/on_1024/inject_24576,on_1024,1,1024,2,inject,64,24576,1,4.0,1.4090722659602761,37194,1985,10.716211143881083,13.958173412829636,67.07882285118103,69.98518086969852,70.15459798276424,6.259565246573439,5.013921148548831,9282.5,1363.3083599802794,0.14686866253490755,1408.5860289633274,1408.5860289633274,1593.9903045073152,65.0,0.0,0.07903708866243475,0.0,0,,
results/s8/raw/interference_formal/20260908T144356Z/block_2/on_1024/inject_8192,on_1024,1,1024,2,inject,64,8192,1,4.0,0.3952639177441597,37007,902,10.296399518847464,11.978890895843561,45.67498001269996,45.76877623796463,45.77452037483454,4.43601473787923,3.8207858002818518,9235.75,2120.1024489728597,0.22955390184585547,394.64659336954355,394.64659336954355,535.0182559341192,65.0,0.0,0.07190441208787757,0.0,0,,
results/s8/raw/interference_formal/20260908T144356Z/block_2/on_16384/control,on_16384,1,16384,2,control,64,16384,1,4.0,2.0011567110195756,37496,17024,9.706131182610989,11.140406178310515,10.25619376450777,12.385574178770193,24.879678152501583,1.0566716616072782,1.111770431035443,9358.0,8475.098380155843,0.9056527441927594,,,,64.0,0.0,0.07686777038290726,0.0,0,,
results/s8/raw/interference_formal/20260908T144356Z/block_2/on_16384/inject_16384,on_16384,1,16384,2,inject,64,16384,1,4.0,0.5001271637156606,36934,672,12.277980754151937,16.836402518674724,401.9959431141615,402.3062936309725,402.45604515075684,32.74120974478821,23.89502705133947,9217.5,1215.6908164773647,0.1318894295066303,499.0103570744395,499.0103570744395,647.9770820587873,65.0,0.0,0.07653054731939479,0.0,0,,
results/s8/raw/interference_formal/20260908T144356Z/block_2/on_16384/inject_24576,on_16384,1,16384,2,inject,64,24576,1,4.0,0.7950055813416839,37009,699,11.285547353327274,14.449997060000891,398.16386224702,398.6372497677803,398.66469241678715,35.28086408052073,27.587358538033897,9236.25,798.736530790574,0.08647844425936652,794.17878203094,794.17878203094,981.2400061637163,65.0,0.0,0.07982006286346921,0.0,0,,
results/s8/raw/interference_formal/20260908T144356Z/block_2/on_16384/inject_8192,on_16384,1,16384,2,inject,64,8192,1,4.0,0.22424720227718353,37216,421,10.304844239726663,11.699153063818809,178.8126528263092,179.1490651667118,179.33920584619045,17.35229069615246,15.312994384247709,9288.0,1591.9931057098572,0.17140321982233606,223.50999154150486,223.50999154150486,355.97749799489975,65.0,0.0,0.07329829606912441,0.0,0,,
results/s8/raw/interference_formal/20260908T144356Z/block_2/on_2048/control,on_2048,1,2048,2,control,64,16384,1,4.0,2.0076104877516627,37290,17152,10.336921364068981,11.805041814222932,10.276050446555018,12.55351584404707,14.75459709763527,0.9941113107694183,1.0634029122135225,9306.5,8511.611243442434,0.9145877874004656,,,,64.0,0.0,0.07563204807462631,0.0,0,,
results/s8/raw/interference_formal/20260908T144356Z/block_2/on_2048/inject_16384,on_2048,1,2048,2,inject,64,16384,1,4.0,0.6587621215730906,37375,1050,10.311680752784014,12.786430791020411,86.58807496540248,87.02477776445448,87.6074731349945,8.39708647322357,6.8060257930281685,9327.75,1496.7466521078686,0.16046170320901273,658.2116922363639,658.2116922363639,819.1917706280947,65.0,0.0,0.07577033805614575,0.0,0,,
results/s8/raw/interference_formal/20260908T144356Z/block_2/on_2048/inject_24576,on_2048,1,2048,2,inject,64,24576,1,4.0,1.0969204623252153,37227,1489,10.494311153888702,11.873562652617691,102.55348589271307,106.40881855040789,106.49621952325106,9.772293234769538,8.961827352378403,9290.75,1299.0914555275344,0.13982632785593568,1095.3896651044488,1095.3896651044488,1285.6728890910745,65.0,0.0,0.07900129489709973,0.0,0,,
results/s8/raw/interference_formal/20260908T144356Z/block_2/on_2048/inject_8192,on_2048,1,2048,2,inject,64,8192,1,4.0,0.31878327671438456,35887,727,14.561893697828044,20.5435080640018,67.51841474324465,67.9261463880539,68.50964110344648,4.636650709331524,3.306453122632948,8955.75,2079.7828757937577,0.23222877768961367,317.5220377743244,317.5220377743244,457.6755752786994,65.0,0.0,0.07166563996831898,0.0,0,,
results/s8/raw/interference_formal/20260908T144356Z/block_2/on_32768/control,on_32768,1,32768,2,control,64,16384,1,4.0,2.0038762697950006,37174,17086,10.60223369859159,14.596928646787996,10.403036372736096,11.378510994836695,13.97169753909111,0.9812117586238497,0.779514051905741,9277.5,8494.536442482737,0.9156061915907019,,,,64.0,0.0,0.07766789744119396,0.0,0,,
results/s8/raw/interference_formal/20260908T144356Z/block_2/on_32768/inject_16384,on_32768,1,32768,2,inject,64,16384,1,4.0,0.45761036593466997,36880,509,10.995533317327494,13.574604764580723,398.9310748875141,399.37704902142286,399.4075432419777,36.28119376973302,29.42089703145463,9204.0,972.4430063796451,0.10565439008905314,457.05475844442844,457.05475844442844,613.5502550750971,65.0,0.0,0.07766789744119396,0.0,0,,
results/s8/raw/interference_formal/20260908T144356Z/block_2/on_32768/inject_24576,on_32768,1,32768,2,inject,64,24576,1,4.0,0.7448626328259706,37197,442,10.284426063299179,11.465607695281506,695.6326951738447,696.1857645493001,696.2099773809314,67.63942789732013,60.71948239043663,9283.25,507.47612155799436,0.054665782086876294,744.3793313577771,744.3793313577771,930.1915876567364,65.0,0.0,0.08097936946474216,0.0,0,,
results/s8/raw/interference_formal/20260908T144356Z/block_2/on_32768/inject_8192,on_32768,1,32768,2,inject,64,8192,1,4.0,0.22879170812666416,37276,512,9.895921917632222,11.878279270604253,172.9732183739543,174.0414626710117,174.14818052202463,17.47924244084388,14.652077014363556,9303.0,1958.112921434973,0.21048187911802355,227.9804376885295,227.9804376885295,363.702192902565,65.0,0.0,0.07436288052880269,0.0,0,,
results/s8/raw/interference_formal/20260908T144356Z/block_2/on_4096/control,on_4096,1,4096,2,control,64,16384,1,4.0,2.003057476133108,37477,17152,10.298592783510685,11.69086992740631,10.503865126520395,11.611896185204387,13.642147183418274,1.0199320768696065,0.9932448361249159,9353.25,8530.958399151028,0.912084932953896,,,,64.0,0.0,0.07616792710648779,0.0,0,,
results/s8/raw/interference_formal/20260908T144356Z/block_2/on_4096/inject_16384,on_4096,1,4096,2,inject,64,16384,1,4.0,0.5519410893321037,37362,737,10.411192802712318,11.54522905126214,143.72402783483267,143.78946382552385,143.8700882717967,13.804760948946193,12.454448775947377,9324.5,1219.3330284838696,0.13076658571332186,551.3139562681317,551.3139562681317,719.0809389576316,65.0,0.0,0.07577751610445382,0.0,0,,
results/s8/raw/interference_formal/20260908T144356Z/block_2/on_4096/inject_24576,on_4096,1,4096,2,inject,64,24576,1,4.0,0.9235749831423163,37210,976,10.016220761463043,10.92385372146964,179.94759464636445,180.25540793314576,180.56210409849882,17.965617864444912,16.50108217568617,9286.5,987.4671971917924,0.10633362377556586,923.0563249439001,923.0563249439001,1110.507907345891,65.0,0.0,0.0789889614437651,0.0,0,,
results/s8/raw/interference_formal/20260908T144356Z/block_2/on_4096/inject_8192,on_4096,1,4096,2,inject,64,8192,1,4.0,0.271828169003129,37184,637,10.154705541208386,11.153459148481486,111.01315375417471,111.5102618560195,111.57735623419285,10.932188363677987,9.99781864724912,9280.0,2107.9493052591038,0.22714970961843792,271.1520045995712,271.1520045995712,403.388244099915,65.0,0.0,0.07249050734539408,0.0,0,,
results/s8/raw/interference_formal/20260908T144356Z/block_2/on_512/control,on_512,1,512,2,control,64,16384,1,4.0,2.0008353628218174,37701,17152,10.803173296153545,14.747072011232376,10.15114989131689,13.828989239409566,16.45150873810053,0.939645196187975,0.9377447420665244,9409.25,8540.432819969985,0.9076635034641427,,,,64.0,0.0,0.07458433496733052,0.0,0,,
results/s8/raw/interference_formal/20260908T144356Z/block_2/on_512/inject_16384,on_512,1,512,2,inject,64,16384,1,4.0,1.2893493110314012,37475,2699,10.0411013700068,11.458371784538032,41.272641997784376,43.60182046890259,43.80539618432522,4.110370015889644,3.805237016985174,9352.75,2043.6665048451146,0.21850969018150967,1288.9012265950441,1288.9012265950441,1455.4237872362137,65.0,0.0,0.07553209517772075,0.0,0,,
results/s8/raw/interference_formal/20260908T144356Z/block_2/on_512/inject_24576,on_512,1,512,2,inject,64,24576,1,4.0,2.170871672220528,37352,4277,10.103384684771296,11.519881766289473,48.74746184796095,55.71655731648207,56.13542813807726,4.824864475509616,4.836556350736596,9322.0,1940.6950921657344,0.20818441237564198,2169.5725712925196,2169.5725712925196,2355.300315655768,65.0,0.0,0.07920388142327217,0.0,0,,
results/s8/raw/interference_formal/20260908T144356Z/block_2/on_512/inject_8192,on_512,1,512,2,inject,64,8192,1,4.0,0.6009659776464105,37483,1585,10.518561489880085,11.445613708347082,33.925118669867516,34.13970932364464,34.17597897350788,3.225262190320121,2.9827766508271334,9354.75,2530.9253045517808,0.27054975328595426,600.3743819892406,600.3743819892406,734.7819823771715,65.0,0.0,0.07170339499005163,0.0,0,,
results/s8/raw/interference_formal/20260908T144356Z/block_2/on_8192/control,on_8192,1,8192,2,control,64,16384,1,4.0,2.004290781915188,37305,17088,9.888630732893942,10.697684288024902,10.191087424755096,11.348945563659088,13.701049610972404,1.0305863066415302,1.060878715252722,9310.25,8493.777526498836,0.9123039152008631,,,,64.0,0.0,0.07601238233621832,0.0,0,,
results/s8/raw/interference_formal/20260908T144356Z/block_2/on_8192/inject_16384,on_8192,1,8192,2,inject,64,16384,1,4.0,0.49937705881893635,37444,562,10.553155280649657,12.424246286973355,250.75083863921463,251.6967022791505,252.09580082446337,23.76074566996974,20.25850876306685,9345.0,997.2424467752019,0.10671401249600876,498.8695913925767,498.8695913925767,663.2602866739035,65.0,0.0,0.07609451007644197,0.0,0,,
results/s8/raw/interference_formal/20260908T144356Z/block_2/on_8192/inject_24576,on_8192,1,8192,2,inject,64,24576,1,4.0,0.8321478348225355,37131,668,10.335660073906183,11.504288669675576,313.46010523848236,313.7482863198966,313.76673094928265,30.32801998102242,27.27228908527939,9266.75,725.8325681143057,0.07832655117644327,831.5480034798384,831.5480034798384,1018.0735383182764,65.0,0.0,0.07915218902015286,0.0,0,,
results/s8/raw/interference_formal/20260908T144356Z/block_2/on_8192/inject_8192,on_8192,1,8192,2,inject,64,8192,1,4.0,0.24696587305516005,37080,565,10.156411724165078,10.942454375326626,169.89362202584743,169.94268503040075,170.34320533275604,16.727721033760453,15.530582006683309,9254.0,2028.6203668638104,0.21921551403326242,245.3412776812911,245.3412776812911,380.8161886408925,65.0,0.0,0.07277781287510265,0.0,0,,
results/s8/raw/interference_formal/20260908T144356Z/block_3/off_32768/control,off_32768,0,32768,3,control,64,16384,1,4.0,2.0016834689304233,37376,17152,10.3082072455436,12.587174540385604,10.320087056607008,13.34093862213195,14.737283810973167,1.001152461410644,1.0598835012041754,9328.0,8536.814269206498,0.9151816326336296,,,,64.0,0.0,0.07766789744119396,0.0,0,,
results/s8/raw/interference_formal/20260908T144356Z/block_3/off_32768/inject_16384,off_32768,0,32768,3,inject,64,16384,1,4.0,0.4706783592700958,37120,588,10.811790218576785,12.599153593182564,395.399356726557,395.95211951993406,396.06958255171776,36.57112732794085,31.42688249583566,9264.0,1113.2867906070562,0.12017344458193611,470.1678967103362,470.1678967103362,632.0638097822666,65.0,0.0,0.07736450721681432,0.0,0,,
results/s8/raw/interference_formal/20260908T144356Z/block_3/off_32768/inject_24576,off_32768,0,32768,3,inject,64,24576,1,4.0,0.7421204717829823,37293,442,9.975304454565048,11.125448979437353,691.878162836656,691.946929693222,691.9839940965176,69.35910237005632,62.19496678040726,9307.25,509.3512635378939,0.05472629010050164,741.5688810870051,741.5688810870051,925.4969395697117,65.0,0.0,0.08097291435358522,0.0,0,,
results/s8/raw/interference_formal/20260908T144356Z/block_3/off_32768/inject_8192,off_32768,0,32768,3,inject,64,8192,1,4.0,0.2193451365455985,37253,438,10.689323581755161,12.57722616195679,174.3470129556954,174.4812545273453,174.50405936688185,16.31038780164498,13.872792957727903,9297.25,1705.0754162595765,0.18339567251171868,218.9419437199831,218.9419437199831,355.1257671788335,65.0,0.0,0.07394975341475385,0.0,0,,
results/s8/raw/interference_formal/20260908T144356Z/block_3/on_1024/control,on_1024,1,1024,3,control,64,16384,1,4.0,2.0056158183142543,37140,17152,10.439035901799794,12.705438900738955,10.008781077340245,10.845233555883171,12.127057649195194,0.9587840459112351,0.853589839801001,9269.0,8520.076399458538,0.919201251425023,,,,64.0,0.0,0.07548958666892702,0.0,0,,
results/s8/raw/interference_formal/20260908T144356Z/block_3/on_1024/inject_16384,on_1024,1,1024,3,inject,64,16384,1,4.0,0.8689735094085336,37184,1545,10.068534780293703,11.737740077078342,56.375800259411335,57.942539900541306,58.56948718428612,5.59920599070194,4.936430651901423,9280.0,1704.3097217175723,0.18365406484025565,867.8727736696601,867.8727736696601,1028.0852681025863,65.0,0.0,0.07567794960663543,0.0,0,,
results/s8/raw/interference_formal/20260908T144356Z/block_3/on_1024/inject_24576,on_1024,1,1024,3,inject,64,24576,1,4.0,1.4165659379214048,37398,2084,11.101765325292947,12.597980760037897,66.7891294695437,68.90914396382868,69.36931051313877,6.016081903422986,5.469856263189069,9333.5,1425.9837441552795,0.15278124435155938,1415.6300025060773,1415.6300025060773,1601.4542151242495,65.0,0.0,0.07918777901260143,0.0,0,,
results/s8/raw/interference_formal/20260908T144356Z/block_3/on_1024/inject_8192,on_1024,1,1024,3,inject,64,8192,1,4.0,0.40417785570025444,37203,955,10.552856326103212,12.750283144414428,46.84275211766362,47.27240305393934,47.32132516801357,4.438869503206906,3.7075571199882074,9284.75,2204.4750533309316,0.23742966190052844,403.7605272606015,403.7605272606015,538.267525844276,65.0,0.0,0.07193580591082893,0.0,0,,
results/s8/raw/interference_formal/20260908T144356Z/block_3/on_16384/control,on_16384,1,16384,3,control,64,16384,1,4.0,2.0048861540853977,37199,17152,9.797534998506306,11.534957475960255,10.144192259758709,11.453292649239305,13.6620057746768,1.035382089607769,0.9929202316617859,9283.75,8523.177221399545,0.9180748319805623,,,,64.0,0.0,0.07655599811664104,0.0,0,,
results/s8/raw/interference_formal/20260908T144356Z/block_3/on_16384/inject_16384,on_16384,1,16384,3,inject,64,16384,1,4.0,0.4839575029909611,37323,569,10.16252152621746,10.931922085583206,393.93392093479633,394.0316500887275,394.15536634624004,38.76340334615955,36.04413267895207,9314.75,1043.48005120076,0.1120244828042363,483.4725670516491,483.4725670516491,642.9505180567503,65.0,0.0,0.07655599811664104,0.0,0,,
results/s8/raw/interference_formal/20260908T144356Z/block_3/on_16384/inject_24576,on_16384,1,16384,3,inject,64,24576,1,4.0,0.775938119739294,37323,495,10.113972052931786,11.227723639458414,386.03821489959955,386.2111203558743,386.2644387409091,38.16880379728722,34.39798954425492,9314.75,555.4566646948739,0.0596319455374405,775.3719920292497,775.3719920292497,966.496217995882,65.0,0.0,0.07981370016415767,0.0,0,,
results/s8/raw/interference_formal/20260908T144356Z/block_3/on_16384/inject_8192,on_16384,1,16384,3,inject,64,8192,1,4.0,0.22557439096271992,37310,481,10.190533939749,11.338822115212677,174.45880360901356,174.8213766142726,174.8347543179989,17.119692122168683,15.417948605060513,9311.5,1848.6141011854334,0.19853021545244412,225.03754869103432,225.03754869103432,362.6028588041663,65.0,0.0,0.07329829606912441,0.0,0,,
results/s8/raw/interference_formal/20260908T144356Z/block_3/on_2048/control,on_2048,1,2048,3,control,64,16384,1,4.0,2.0042160991579294,37408,17152,10.086381761357188,11.390555780380966,9.947157790884376,11.294318316504361,13.08634877204895,0.9861968371050355,0.9915511178091623,9336.0,8526.026712977466,0.9132419358373464,,,,64.0,0.0,0.07603434620268279,0.0,0,,
results/s8/raw/interference_formal/20260908T144356Z/block_3/on_2048/inject_16384,on_2048,1,2048,3,inject,64,16384,1,4.0,0.6516456538811326,37248,940,10.21275226958096,11.517316438257692,86.13563114777207,86.57930979505181,86.93762496113777,8.43412518722598,7.517316230667817,9296.0,1344.2888704660834,0.14460938795891604,651.1515909805894,651.1515909805894,806.2004232779145,65.0,0.0,0.07563204807462631,0.0,0,,
results/s8/raw/interference_formal/20260908T144356Z/block_3/on_2048/inject_24576,on_2048,1,2048,3,inject,64,24576,1,4.0,1.0680363774299622,37280,1247,10.340228024870155,11.588382655754682,106.13491963595152,106.75138477236032,106.78224358707666,10.264272642796412,9.211931288733254,9304.0,1107.6401749972947,0.11904988983203942,1067.434063181281,1067.434063181281,1250.8262880146503,65.0,0.0,0.0790515821631067,0.0,0,,
results/s8/raw/interference_formal/20260908T144356Z/block_3/on_2048/inject_8192,on_2048,1,2048,3,inject,64,8192,1,4.0,0.30988411139696836,37141,672,10.198229923844337,11.658169329166409,67.07254750654101,67.18987966887653,67.63758324086666,6.576881283066548,5.763330225508124,9269.25,1962.0237941826538,0.2116701776500422,309.4490198418498,309.4490198418498,446.31041027605534,65.0,0.0,0.07231308851815998,0.0,0,,
results/s8/raw/interference_formal/20260908T144356Z/block_3/on_32768/control,on_32768,1,32768,3,control,64,16384,1,4.0,2.000097726471722,37272,17088,11.559857241809368,14.937823060899998,10.181082505732775,11.253504622727634,12.821057811379433,0.880727356122541,0.753356401186989,9302.0,8511.584096458744,0.9150273163253864,,,,64.0,0.0,0.07766789744119396,0.0,0,,
results/s8/raw/interference_formal/20260908T144356Z/block_3/on_32768/inject_16384,on_32768,1,32768,3,inject,64,16384,1,4.0,0.45211193338036537,37070,401,10.07251115515828,10.989217497408383,406.85575269162655,407.0215970277786,407.0953745394945,40.39268325687282,37.038269296587096,9251.5,745.3906325371846,0.08056970572741551,451.3208996504545,451.3208996504545,609.068987891078,65.0,0.0,0.077254770327145,0.0,0,,
results/s8/raw/interference_formal/20260908T144356Z/block_3/on_32768/inject_24576,on_32768,1,32768,3,inject,64,24576,1,4.0,0.7469017626717687,38297,457,9.891355223953724,11.282468102872377,690.4522597789764,690.7743794471025,690.9036748111248,69.80360568862396,61.225467082972735,9558.25,526.1736143106502,0.055049157985054824,746.3038759306073,746.3038759306073,929.7411171719432,65.0,0.0,0.08097936946474216,0.0,0,,
results/s8/raw/interference_formal/20260908T144356Z/block_3/on_32768/inject_8192,on_32768,1,32768,3,inject,64,8192,1,4.0,0.218006769195199,37205,408,9.932553768157957,10.82672499120235,175.13330522924662,175.28599322773516,175.3111518919468,17.63225342818617,16.190121515986615,9285.25,1577.9326544305104,0.16993970592396654,217.5214048475027,217.5214048475027,356.97692167013884,65.0,0.0,0.07394975341475385,0.0,0,,
results/s8/raw/interference_formal/20260908T144356Z/block_3/on_4096/control,on_4096,1,4096,3,control,64,16384,1,4.0,2.0010796217247844,37341,17056,11.191492900252342,15.694801509380326,12.057633604854345,15.525265596807005,27.647970244288445,1.0773927761310982,0.9891979575229419,9319.25,8491.416241275865,0.9111694869518325,,,,64.0,0.0,0.07583418866926517,0.0,0,,
results/s8/raw/interference_formal/20260908T144356Z/block_3/on_4096/inject_16384,on_4096,1,4096,3,inject,64,16384,1,4.0,0.5515248971059918,36936,670,10.037239408120513,11.56044895760716,146.70534040778875,146.76539144478738,146.785163320601,14.616104532596731,12.69547506182369,9218.0,1098.7717928598593,0.11919850215446509,550.513319671154,550.513319671154,708.8167816400528,65.0,0.0,0.07576492220116238,0.0,0,,
results/s8/raw/interference_formal/20260908T144356Z/block_3/on_4096/inject_24576,on_4096,1,4096,3,inject,64,24576,1,4.0,0.9116989150643349,37307,888,10.08201465010643,11.09108243137598,174.49304875917733,174.98997774906456,175.05302280187607,17.30735917521557,15.777538290945241,9310.75,903.8071521033385,0.09707135860197497,911.0221182927489,911.0221182927489,1095.6119019538164,65.0,0.0,0.07912119742832491,0.0,0,,
results/s8/raw/interference_formal/20260908T144356Z/block_3/on_4096/inject_8192,on_4096,1,4096,3,inject,64,8192,1,4.0,0.271399506367743,37176,634,10.100187500938773,11.545210843905807,104.96437852270901,105.03843777813017,105.0540329888463,10.39231979732584,9.09800948620832,9278.0,2100.2248958686646,0.2263661237194077,270.6833053380251,270.6833053380251,405.3255897015333,65.0,0.0,0.07254088295855976,0.0,0,,
results/s8/raw/interference_formal/20260908T144356Z/block_3/on_512/control,on_512,1,512,3,control,64,16384,1,4.0,2.008806207217276,36954,16960,12.0023381896317,18.72520268894735,12.732948781922458,19.203488910570737,25.945418514311314,1.060872355098434,1.0255423788766622,9222.5,8410.965646808407,0.9120049495048421,,,,64.0,0.0,0.07463454742880815,0.0,0,,
results/s8/raw/interference_formal/20260908T144356Z/block_3/on_512/inject_16384,on_512,1,512,3,inject,64,16384,1,4.0,1.298355782404542,37265,2762,10.363619960844513,12.327480874955654,40.832751570269465,41.93549416027963,42.0721136033535,3.9400085804518516,3.4017894317301454,9300.25,2078.0128502245593,0.22343623560921044,1297.7967979386449,1297.7967979386449,1462.3474776744843,65.0,0.0,0.07551326550466664,0.0,0,,
results/s8/raw/interference_formal/20260908T144356Z/block_3/on_512/inject_24576,on_512,1,512,3,inject,64,24576,1,4.0,2.1291220942512155,37295,3923,11.416487582027905,15.352395065128752,52.50072265043855,58.059346321970224,59.06542297452688,4.598675579789215,3.7817777666395216,9307.75,1812.4841268706857,0.1947284925863593,2128.2743252813816,2128.2743252813816,2314.658507704735,65.0,0.0,0.07913483928874043,0.0,0,,
results/s8/raw/interference_formal/20260908T144356Z/block_3/on_512/inject_8192,on_512,1,512,3,inject,64,8192,1,4.0,0.6119698602706194,37177,1678,9.792223758995533,12.465641573071473,32.87554830312729,32.94275118969381,33.8079622015357,3.357311792730071,2.6426839723081237,9278.25,2637.384787685904,0.2842545509860053,611.5320045500994,611.5320045500994,751.107175834477,65.0,0.0,0.0718414792591151,0.0,0,,
results/s8/raw/interference_formal/20260908T144356Z/block_3/on_8192/control,on_8192,1,8192,3,control,64,16384,1,4.0,2.000538971275091,37448,17088,10.068647935986519,11.702891541644927,10.095308907330036,12.237083381041895,20.615211687982082,1.0026479197120626,1.0456461411691322,9346.0,8509.706756249467,0.9105185915096797,,,,64.0,0.0,0.07641670351885776,0.0,0,,
results/s8/raw/interference_formal/20260908T144356Z/block_3/on_8192/inject_16384,on_8192,1,8192,3,inject,64,16384,1,4.0,0.49630249477922916,37243,524,10.269030183553696,11.777572333812719,254.185601323843,254.450341174379,254.7003934159875,24.752639419731423,21.60465110826507,9294.75,926.8540957156025,0.09971802315453375,495.5387441441417,495.5387441441417,663.4715143591166,65.0,0.0,0.07596184218838842,0.0,0,,
results/s8/raw/interference_formal/20260908T144356Z/block_3/on_8192/inject_24576,on_8192,1,8192,3,inject,64,24576,1,4.0,0.8418479552492499,37256,708,10.144201572984457,12.553633842617272,317.3620892222971,317.4571836646646,317.6458040252328,31.285073244944215,25.288070979651806,9298.0,764.9837431859389,0.08227400980704871,840.9750396385789,840.9750396385789,1024.1753114387393,65.0,0.0,0.07924695179733399,0.0,0,,
results/s8/raw/interference_formal/20260908T144356Z/block_3/on_8192/inject_8192,on_8192,1,8192,3,inject,64,8192,1,4.0,0.2393916118890047,37280,458,10.173639468848704,11.2091489136219,170.56183936074376,170.90298242866993,170.911087654531,16.76507604608927,15.246740296311021,9304.0,1645.8387864595704,0.17689582829531067,238.89013659209013,238.89013659209013,378.83357144892216,65.0,0.0,0.07277781287510265,0.0,0,,
results/s8/raw/interference_formal/20260908T144356Z/block_4/off_32768/control,off_32768,0,32768,4,control,64,16384,1,4.0,2.0118708219379187,36675,16832,12.038774974644173,17.50294603407383,14.356495020911098,25.499619720503663,29.485768638551235,1.1925212532959923,1.4568758694029178,9152.75,8334.531132495056,0.9106040405883539,,,,64.0,0.0,0.07766789744119396,0.0,0,,
results/s8/raw/interference_formal/20260908T144356Z/block_4/off_32768/inject_16384,off_32768,0,32768,4,inject,64,16384,1,4.0,0.47865468356758356,36536,510,14.097742503508925,22.011136868968634,422.5561448838562,423.7472217530012,424.0945167839527,29.97331982611273,19.25149183686197,9118.0,931.7782010943744,0.10219107272366466,478.05609460920095,478.05609460920095,620.8437457680702,65.0,0.0,0.07726122543830205,0.0,0,,
results/s8/raw/interference_formal/20260908T144356Z/block_4/off_32768/inject_24576,off_32768,0,32768,4,inject,64,24576,1,4.0,0.7788743712007999,36269,696,11.071565933525559,16.390562616288662,689.3223931547254,690.4086086433381,690.5893702059984,62.26060498519038,42.122325194451946,9051.25,811.4273923606422,0.08964810300904762,777.8296703472733,777.8296703472733,962.184683419764,65.0,0.0,0.08055978723953627,0.0,0,,
results/s8/raw/interference_formal/20260908T144356Z/block_4/off_32768/inject_8192,off_32768,0,32768,4,inject,64,8192,1,4.0,0.23716833349317312,36589,592,12.486369907855988,18.019540943205367,174.45128639228642,174.66652733273804,174.7301034629345,13.971337360630953,9.693172977228345,9131.25,2226.266855373415,0.2438074584940085,236.47040780633688,236.47040780633688,371.87926657497883,65.0,0.0,0.07414340674946418,0.0,0,,
results/s8/raw/interference_formal/20260908T144356Z/block_4/on_1024/control,on_1024,1,1024,4,control,64,16384,1,4.0,2.004953638650477,36864,17216,10.858976980671285,17.74444286711514,12.508685933426023,16.178803518414497,21.537321619689465,1.1519212128077239,0.9117673425744935,9200.0,8554.811278102627,0.9298707910981115,,,,64.0,0.0,0.07542052025843393,0.0,0,,
results/s8/raw/interference_formal/20260908T144356Z/block_4/on_1024/inject_16384,on_1024,1,1024,4,inject,64,16384,1,4.0,0.882324755191803,36942,1595,12.006231350824224,18.031421406194564,59.01575377210975,67.59910712018609,68.37048847228289,4.915427001834204,3.748961637431584,9219.5,1735.1887624043661,0.18820855386998928,881.5255668014288,881.5255668014288,1038.4659618139267,65.0,0.0,0.07541424149384368,0.0,0,,
results/s8/raw/interference_formal/20260908T144356Z/block_4/on_1024/inject_24576,on_1024,1,1024,4,inject,64,24576,1,4.0,1.4155642446130514,36729,2048,12.593627534806727,18.432784155011177,75.74166036210954,78.04964432492852,78.34800146520138,6.014284617579167,4.2342840706301965,9166.25,1401.5612555559653,0.15290454172163812,1414.9675695225596,1414.9675695225596,1596.7709608376026,65.0,0.0,0.07872942919751114,0.0,0,,
results/s8/raw/interference_formal/20260908T144356Z/block_4/on_1024/inject_8192,on_1024,1,1024,4,inject,64,8192,1,4.0,0.43933622259646654,35516,1363,15.953356167301536,22.614541277289387,53.44901876524091,54.692823346704245,55.38097210228443,3.3503306893374307,2.4184803342276684,8863.0,2956.7332106670856,0.3336041081650779,438.4957365691662,438.4957365691662,577.6996091008186,65.0,0.0,0.07184790320656509,0.0,0,,
results/s8/raw/interference_formal/20260908T144356Z/block_4/on_16384/control,on_16384,1,16384,4,control,64,16384,1,4.0,2.011220244690776,37216,17152,11.297241551801562,15.721072209998963,11.80262309499085,17.487316206097674,20.696397870779037,1.044734950640114,1.1123488253539946,9288.0,8496.334523833948,0.9147646989485302,,,,64.0,0.0,0.07655599811664104,0.0,0,,
results/s8/raw/interference_formal/20260908T144356Z/block_4/on_16384/inject_16384,on_16384,1,16384,4,inject,64,16384,1,4.0,0.4837753437459469,36767,528,11.258913110941641,14.347254019230597,394.5122196804732,395.19116470590234,395.30385937541723,35.03999149767647,27.544724877401684,9175.75,959.1228780019599,0.10452800893681279,483.1195455044508,483.1195455044508,644.4433173164725,65.0,0.0,0.07614878536070147,0.0,0,,
results/s8/raw/interference_formal/20260908T144356Z/block_4/on_16384/inject_24576,on_16384,1,16384,4,inject,64,24576,1,4.0,0.8048522127792239,36529,740,11.891928873956203,17.97829434275627,394.13857217878103,394.6114637795836,394.6889992803335,33.14336777122509,21.949327130611728,9116.25,839.9057482437848,0.0921328120931068,804.0463235229254,804.0463235229254,985.4498375207186,65.0,0.0,0.07941285010752963,0.0,0,,
results/s8/raw/interference_formal/20260908T144356Z/block_4/on_16384/inject_8192,on_16384,1,16384,4,inject,64,8192,1,4.0,0.217813977971673,36982,397,11.11183199100196,15.585970450192692,168.64083353430033,168.73026341199875,168.7514539808035,15.17669036670648,10.825778475020316,9229.5,1528.8275027202665,0.1656457557527782,217.2474879771471,217.2474879771471,356.7492701113224,65.0,0.0,0.07329829606912441,0.0,0,,
results/s8/raw/interference_formal/20260908T144356Z/block_4/on_2048/control,on_2048,1,2048,4,control,64,16384,1,4.0,2.0050379764288664,37104,17088,9.947921056300402,11.076430408284068,10.346358874812722,11.486023860052228,13.235830701887608,1.0400523703653615,1.0369788313265458,9260.0,8490.612247814433,0.9169127697423795,,,,64.0,0.0,0.07563204807462631,0.0,0,,
results/s8/raw/interference_formal/20260908T144356Z/block_4/on_2048/inject_16384,on_2048,1,2048,4,inject,64,16384,1,4.0,0.6639702571555972,37066,1022,10.464661987498403,12.02790578827262,88.32621048204601,88.39380900375545,88.47270254045725,8.440426512348399,7.349060639462331,9250.5,1442.835713912858,0.15597380832526436,662.7605753019452,662.7605753019452,818.4315636754036,65.0,0.0,0.07552518763436133,0.0,0,,
results/s8/raw/interference_formal/20260908T144356Z/block_4/on_2048/inject_24576,on_2048,1,2048,4,inject,64,24576,1,4.0,1.0656883176416159,36893,1266,10.062968358397484,11.374469734728343,103.17958146333694,103.68760991841549,104.3882304802537,10.25339420621692,9.115819228199992,9207.25,1127.90952110655,0.12250232383247442,1064.8802649229765,1064.8802649229765,1250.7153423503041,65.0,0.0,0.07886300491558029,0.0,0,,
results/s8/raw/interference_formal/20260908T144356Z/block_4/on_2048/inject_8192,on_2048,1,2048,4,inject,64,8192,1,4.0,0.307415590621531,37257,652,10.14704555273056,11.310932040214542,69.75660850293934,70.2202535327524,70.24209946393967,6.874573307120702,6.208175708517516,9298.25,1912.7201675464316,0.20570754362879376,306.9396922364831,306.9396922364831,445.34143153578043,65.0,0.0,0.07241366305017416,0.0,0,,
results/s8/raw/interference_formal/20260908T144356Z/block_4/on_32768/control,on_32768,1,32768,4,control,64,16384,1,4.0,2.005363763310015,36978,17152,12.031372543424368,16.45811835303907,11.207857681438325,17.463409481570125,19.452008418738842,0.9315527086362123,1.0610817778172936,9228.5,8521.147291399579,0.9233512804247255,,,,64.0,0.0,0.07766789744119396,0.0,0,,
results/s8/raw/interference_formal/20260908T144356Z/block_4/on_32768/inject_16384,on_32768,1,32768,4,inject,64,16384,1,4.0,0.49823046661913395,37137,762,11.725335009396076,15.782951489090912,401.2463462073356,401.4329857006669,401.53809264302254,34.22045902192113,25.434595422670792,9268.25,1400.958084190338,0.15115669993691777,497.43990413844585,497.43990413844585,655.152752995491,65.0,0.0,0.07726122543830205,0.0,0,,
results/s8/raw/interference_formal/20260908T144356Z/block_4/on_32768/inject_24576,on_32768,1,32768,4,inject,64,24576,1,4.0,0.7501321053132415,36828,426,11.48268231190741,15.466826558113132,693.5689467936754,693.6210638377815,693.6504859477282,60.401300667741396,44.845725865720155,9191.0,482.58166453072346,0.05250589321409242,749.4957754388452,749.4957754388452,935.3851126506925,65.0,0.0,0.08055978723953627,0.0,0,,
results/s8/raw/interference_formal/20260908T144356Z/block_4/on_32768/inject_8192,on_32768,1,32768,4,inject,64,8192,1,4.0,0.20971606951206923,37259,330,11.724996007978914,15.810056421905749,175.8305667899549,176.36133547872305,176.42590310424566,14.996215492977685,11.155009872979592,9298.75,1268.3815819115932,0.13640345013164062,209.32753663510084,209.32753663510084,345.9175154566765,65.0,0.0,0.07405949030442305,0.0,0,,
results/s8/raw/interference_formal/20260908T144356Z/block_4/on_4096/control,on_4096,1,4096,4,control,64,16384,1,4.0,2.002774237655103,36836,17344,12.965983944013715,15.970526356250051,9.96970566920936,10.653752349317074,13.137685135006905,0.7689123873867119,0.6670883671374886,9193.0,8628.031894514403,0.9385436630604158,,,,64.0,0.0,0.07374989767453577,0.0,0,,
results/s8/raw/interference_formal/20260908T144356Z/block_4/on_4096/inject_16384,on_4096,1,4096,4,inject,64,16384,1,4.0,0.5540976524353027,36988,768,10.085752094164496,11.605402724817385,146.1100600194186,146.37403638102114,146.4050877839327,14.486778839622307,12.612577077399473,9231.0,1270.5341683110632,0.13763776062301628,553.3165894448757,553.3165894448757,719.3569401279092,65.0,0.0,0.0756704679264768,0.0,0,,
results/s8/raw/interference_formal/20260908T144356Z/block_4/on_4096/inject_24576,on_4096,1,4096,4,inject,64,24576,1,4.0,0.9019653694704175,37120,785,9.888422582298514,10.524629894644018,181.17829281836748,181.41841672360897,181.4617346972227,18.322264376392933,17.23751034855228,9264.0,799.3655016082602,0.08628729507861185,901.3593560084701,901.3593560084701,1090.7646976411343,65.0,0.0,0.07864892605489682,0.0,0,,
results/s8/raw/interference_formal/20260908T144356Z/block_4/on_4096/inject_8192,on_4096,1,4096,4,inject,64,8192,1,4.0,0.25703215692192316,37289,503,10.192148573696613,11.159564554691315,110.41866689920425,110.749152880162,110.79267226159573,10.833698714338528,9.924146442936674,9306.25,1707.9574993931672,0.18352800530752636,256.6052619367838,256.6052619367838,392.67092384397984,65.0,0.0,0.07254717991020543,0.0,0,,
results/s8/raw/interference_formal/20260908T144356Z/block_4/on_512/control,on_512,1,512,4,control,64,16384,1,4.0,2.001778978854418,37072,17024,11.388758523389697,16.885205022990725,13.337086001411079,18.068583067506573,27.240552008152008,1.1710746148511268,1.0700837237631744,9252.0,8472.463832998139,0.9157440372890336,,,,64.0,0.0,0.07470358956333989,0.0,0,,
results/s8/raw/interference_formal/20260908T144356Z/block_4/on_512/inject_16384,on_512,1,512,4,inject,64,16384,1,4.0,1.297010692767799,36532,2787,11.976723000407215,18.42863930389285,46.97887543588876,54.027495328336954,54.076651111245155,3.922514984632395,2.931713754738486,9117.0,2099.442984690561,0.23027783094116058,1296.4549539610744,1296.4549539610744,1464.5011303946376,65.0,0.0,0.07505507679368328,0.0,0,,
results/s8/raw/interference_formal/20260908T144356Z/block_4/on_512/inject_24576,on_512,1,512,4,inject,64,24576,1,4.0,2.166058238595724,37258,4284,12.289311597123742,16.08850064687431,53.68290496990085,58.421411253511906,59.00225322693586,4.3682597308758195,3.6312526900921673,9298.5,1948.2393985564606,0.209521901226699,2165.2948185801506,2165.2948185801506,2344.473016448319,65.0,0.0,0.07882101140450526,0.0,0,,
results/s8/raw/interference_formal/20260908T144356Z/block_4/on_512/inject_8192,on_512,1,512,4,inject,64,8192,1,4.0,0.5998074477538466,37018,1573,11.597369704395534,18.47315456718208,40.1159081608057,40.63177555799484,40.70641752332449,3.4590522836916477,2.199503902283045,9238.5,2515.8073739345673,0.27231773274174026,599.3507970124483,599.3507970124483,733.0046277493238,65.0,0.0,0.07143977956729408,0.0,0,,
results/s8/raw/interference_formal/20260908T144356Z/block_4/on_8192/control,on_8192,1,8192,4,control,64,16384,1,4.0,2.002901377156377,37434,17024,10.20173947326839,11.562027959153056,9.892880590632556,11.618913207203157,13.66037130355835,0.969724880404451,1.0049200060967738,9342.5,8467.715981142812,0.9063651036813285,,,,64.0,0.0,0.07601238233621832,0.0,0,,
results/s8/raw/interference_formal/20260908T144356Z/block_4/on_8192/inject_16384,on_8192,1,8192,4,inject,64,16384,1,4.0,0.5033832415938377,37192,563,10.549875861033797,11.76168244332075,250.18631080165505,250.41858760640025,250.45299343764782,23.714621299547588,21.29105158323744,9282.0,991.292436395063,0.10679728898891004,502.50109657645226,502.50109657645226,661.5056442096829,65.0,0.0,0.07560806115357888,0.0,0,,
results/s8/raw/interference_formal/20260908T144356Z/block_4/on_8192/inject_24576,on_8192,1,8192,4,inject,64,24576,1,4.0,0.8546929899603128,36950,830,11.03337570093572,15.009393887594348,314.86246697604656,316.46386817097664,316.80810917168856,28.537274131736826,21.0843869206832,9221.5,896.2282468650747,0.0971889873518489,853.8013296201825,853.8013296201825,1036.7453610524535,65.0,0.0,0.07924695179733399,0.0,0,,
results/s8/raw/interference_formal/20260908T144356Z/block_4/on_8192/inject_8192,on_8192,1,8192,4,inject,64,8192,1,4.0,0.23917495738714933,37376,484,10.049832751974463,11.099372059106827,166.82501314207911,167.33769816346467,167.37415548413992,16.599780042041342,15.076321189374603,9328.0,1756.0366879052124,0.18825436191093614,238.47379442304373,238.47379442304373,377.67956871539354,65.0,0.0,0.07277781287510265,0.0,0,,
results/s8/raw/interference_formal/20260908T144356Z/block_5/off_32768/control,off_32768,0,32768,5,control,64,16384,1,4.0,2.001848899759352,37051,17088,11.000233702361584,15.088420361280441,11.720289895310998,15.486304899677643,24.00751318782568,1.0654582631998835,1.0263701917676051,9246.75,8504.138350325293,0.9196894422716406,,,,64.0,0.0,0.07766789744119396,0.0,0,,
results/s8/raw/interference_formal/20260908T144356Z/block_5/off_32768/inject_16384,off_32768,0,32768,5,inject,64,16384,1,4.0,0.4762471579015255,37151,587,11.02351676672697,17.411728389561176,410.58277785778046,410.897283218801,410.9892714768648,37.246079136657215,23.598879676135173,9271.75,1098.1692831606183,0.11844250364393111,474.50641356408596,474.50641356408596,629.1015539318323,65.0,0.0,0.077674352552351,0.0,0,,
results/s8/raw/interference_formal/20260908T144356Z/block_5/off_32768/inject_24576,off_32768,0,32768,5,inject,64,24576,1,4.0,0.758637398481369,36692,479,11.80284423753619,17.887756982818242,699.9087772332132,700.9354787692428,701.2026701122522,59.30000965422527,39.18520804159591,9157.0,547.0334059864988,0.05973936944266668,757.8956484794617,757.8956484794617,943.169366568327,65.0,0.0,0.08055978723953627,0.0,0,,
results/s8/raw/interference_formal/20260908T144356Z/block_5/off_32768/inject_8192,off_32768,0,32768,5,inject,64,8192,1,4.0,0.22166225966066122,36999,450,11.626521777361631,16.502448823302974,166.6647317353636,166.9891621172428,167.0129457488656,14.334874601953766,10.119053475350809,9233.75,1741.388004394255,0.18858946846018734,220.39297316223383,220.39297316223383,362.86624427884817,65.0,0.0,0.07394975341475385,0.0,0,,
results/s8/raw/interference_formal/20260908T144356Z/block_5/on_1024/control,on_1024,1,1024,5,control,64,16384,1,4.0,2.0047052102163434,37117,16896,10.862884111702442,16.842901483177858,12.841845629736781,16.82704808190464,19.288028590381145,1.1821764365416023,0.9990587487975838,9263.25,8396.24694654409,0.9064040100984093,,,,64.0,0.0,0.07521959979154502,0.0,0,,
results/s8/raw/interference_formal/20260908T144356Z/block_5/on_1024/inject_16384,on_1024,1,1024,5,inject,64,16384,1,4.0,0.8764506932348013,37250,1564,11.160533223301146,16.02339117787779,58.38202624581754,60.59664495289326,61.48089002817869,5.23111441699995,3.7817615684596264,9296.5,1711.448244126324,0.18409597634876823,875.818520784378,875.818520784378,1033.4468632936478,65.0,0.0,0.07584119748598261,0.0,0,,
results/s8/raw/interference_formal/20260908T144356Z/block_5/on_1024/inject_24576,on_1024,1,1024,5,inject,64,24576,1,4.0,1.4261747933924198,36923,2171,13.934727292507887,16.372642442584038,67.9036071524024,69.0062491223216,69.5271110162139,4.8729771115729905,4.214728890850351,9214.75,1477.3785161271235,0.16032757439183087,1425.524647347629,1425.524647347629,1610.7941968366504,65.0,0.0,0.07905592495620561,0.0,0,,
results/s8/raw/interference_formal/20260908T144356Z/block_5/on_1024/inject_8192,on_1024,1,1024,5,inject,64,8192,1,4.0,0.40974434465169907,37118,1026,11.3726899959147,16.935803890228275,50.23408564738929,51.145288394764066,51.17727071046829,4.417080362291982,3.019950439097502,9263.5,2347.8054366259594,0.2534469084715237,409.09441839903593,409.09441839903593,550.034686923027,65.0,0.0,0.0719546422045998,0.0,0,,
results/s8/raw/interference_formal/20260908T144356Z/block_5/on_16384/control,on_16384,1,16384,5,control,64,16384,1,4.0,2.0019451761618257,37055,17024,11.854242812842127,16.972740013152347,11.341195786371825,14.85257258638758,27.663479559123516,0.956720388255039,0.8750839625704614,9247.75,8471.760466745694,0.9160888288227617,,,,64.0,0.0,0.07655599811664104,0.0,0,,
results/s8/raw/interference_formal/20260908T144356Z/block_5/on_16384/inject_16384,on_16384,1,16384,5,inject,64,16384,1,4.0,0.478356976993382,36884,474,11.10229012556374,15.084582818672061,394.1605740226805,395.0640208646655,395.2379450201988,35.50263680419415,26.189920239335073,9205.0,857.1004913045772,0.09311249226557058,477.7511451393366,477.7511451393366,638.7628894299269,65.0,0.0,0.07630785284349029,0.0,0,,
results/s8/raw/interference_formal/20260908T144356Z/block_5/on_16384/inject_24576,on_16384,1,16384,5,inject,64,24576,1,4.0,0.7857876839116216,37176,553,10.660566156730056,14.124995796009898,395.01829221844673,395.2305079624057,395.268302410841,37.05415701295284,27.980929245589753,9278.0,622.3055031427527,0.06707323810549178,785.0550813600421,785.0550813600421,968.2229869067669,65.0,0.0,0.07941285010752963,0.0,0,,
results/s8/raw/interference_formal/20260908T144356Z/block_5/on_16384/inject_8192,on_16384,1,16384,5,inject,64,8192,1,4.0,0.22080616280436516,36659,435,11.889250576496124,15.562620311975477,167.08714300766587,167.50923102721572,167.60724782943726,14.05363121355863,10.76356215529572,9148.75,1680.2067265156315,0.18365423981589085,220.0561473146081,220.0561473146081,353.71321346610785,65.0,0.0,0.07289108331318483,0.0,0,,
results/s8/raw/interference_formal/20260908T144356Z/block_5/on_2048/control,on_2048,1,2048,5,control,64,16384,1,4.0,2.0109692169353366,37024,17024,11.574241518974302,18.25328547507524,12.865573633462189,17.914014933630828,27.96931564807892,1.1115694805893703,0.9814131794570525,9240.0,8433.744215063913,0.9127428804181723,,,,64.0,0.0,0.07563204807462631,0.0,0,,
results/s8/raw/interference_formal/20260908T144356Z/block_5/on_2048/inject_16384,on_2048,1,2048,5,inject,64,16384,1,4.0,0.6566978273913264,37208,1114,12.452931422740225,18.62568844109774,93.30233898945153,93.70738558471203,94.03087943792343,7.492399646485861,5.031083059348608,9286.0,1598.9088987411933,0.17218489109855625,655.978349968791,655.978349968791,818.8877254724503,65.0,0.0,0.07563204807462631,0.0,0,,
results/s8/raw/interference_formal/20260908T144356Z/block_5/on_2048/inject_24576,on_2048,1,2048,5,inject,64,24576,1,4.0,1.0642626211047173,36916,1157,11.933233588933945,19.758765678852726,103.69473118335009,105.16047570854427,105.6053452193737,8.689575244677135,5.322218878332804,9213.0,1027.0021499631857,0.11147315206373448,1063.5801330208778,1063.5801330208778,1257.0337215438485,65.0,0.0,0.07885043309907847,0.0,0,,
results/s8/raw/interference_formal/20260908T144356Z/block_5/on_2048/inject_8192,on_2048,1,2048,5,inject,64,8192,1,4.0,0.3151676468551159,36665,739,12.172963283956047,18.141376189887538,69.49222618713975,70.58562004938722,71.03167939931154,5.7087353807047485,3.8908635877764017,9150.25,2141.7172947015747,0.2340610687906423,314.289640635252,314.289640635252,452.2888893261552,65.0,0.0,0.0721999421696441,0.0,0,,
results/s8/raw/interference_formal/20260908T144356Z/block_5/on_32768/control,on_32768,1,32768,5,control,64,16384,1,4.0,2.0051784738898277,37188,17088,11.372357048094274,15.85937203839421,13.10379239730537,16.897710952907808,20.220397971570492,1.152249471405863,1.065471628510881,9281.0,8490.017333457254,0.914773982701999,,,,64.0,0.0,0.07766789744119396,0.0,0,,
results/s8/raw/interference_formal/20260908T144356Z/block_5/on_32768/inject_16384,on_32768,1,32768,5,inject,64,16384,1,4.0,0.4807988749817014,36973,631,11.149648763239384,14.725631400942802,403.2542072236538,403.63176111131907,403.66087574511766,36.16743592436661,27.410149698944434,9227.25,1179.28728519088,0.1278048481607066,479.9788575619459,479.9788575619459,630.9545170515776,65.0,0.0,0.07748715432879749,0.0,0,,
results/s8/raw/interference_formal/20260908T144356Z/block_5/on_32768/inject_24576,on_32768,1,32768,5,inject,64,24576,1,4.0,0.7505800509825349,37052,475,11.2071975134313,16.103529734537,697.046787943691,697.6184645108879,697.8077925741673,62.19635079227552,43.32084182852881,9247.0,547.5765036147536,0.059216665255191266,749.8902697116137,749.8902697116137,936.7847749963403,65.0,0.0,0.08055978723953627,0.0,0,,
results/s8/raw/interference_formal/20260908T144356Z/block_5/on_32768/inject_8192,on_32768,1,32768,5,inject,64,8192,1,4.0,0.21473542973399162,36598,393,11.879220092669135,17.14956416748464,177.7728170156479,177.88249485194683,177.9210865497589,14.965024271698987,10.3724207282894,9133.5,1532.11792021259,0.16774707617152132,214.21639993786812,214.21639993786812,352.1361080929637,65.0,0.0,0.07395620852591078,0.0,0,,
results/s8/raw/interference_formal/20260908T144356Z/block_5/on_4096/control,on_4096,1,4096,5,control,64,16384,1,4.0,2.0003941198810935,36931,16958,11.951609048992395,16.83410564437503,12.402501609176397,17.291615540161732,21.33358921855688,1.0377265151776376,1.027177558787602,9216.75,8445.335762636718,0.9163030094812942,,,,64.0,0.0,0.07576492220116238,0.0,0,,
results/s8/raw/interference_formal/20260908T144356Z/block_5/on_4096/inject_16384,on_4096,1,4096,5,inject,64,16384,1,4.0,0.5487638935446739,36648,708,12.354535330086948,16.793929962441318,140.43458783999085,142.00554259121418,145.03752533346415,11.367047330221403,8.455766036228662,9146.0,1173.5465973174,0.1283125516419637,548.1834076344967,548.1834076344967,714.1910763457417,65.0,0.0,0.07576492220116238,0.0,0,,
results/s8/raw/interference_formal/20260908T144356Z/block_5/on_4096/inject_24576,on_4096,1,4096,5,inject,64,24576,1,4.0,0.9066293304786086,36715,825,12.795113585889325,17.187711764127016,188.56085743755102,188.99787489324808,189.29643649607897,14.736942831480546,10.996104512743294,9162.75,839.3728003463874,0.09160708306418787,906.1045916751027,906.1045916751027,1089.4907657057047,65.0,0.0,0.07876227118451962,0.0,0,,
results/s8/raw/interference_formal/20260908T144356Z/block_5/on_4096/inject_8192,on_4096,1,4096,5,inject,64,8192,1,4.0,0.2614599224179983,36950,519,12.141890591010448,16.426758822053785,115.33140996471047,115.46272475272417,115.51163997501135,9.498636896802461,7.0289413756844965,9221.5,1740.2284671093394,0.18871425116405566,260.94750594347715,260.94750594347715,399.1470895707607,65.0,0.0,0.07208750244006878,0.0,0,,
results/s8/raw/interference_formal/20260908T144356Z/block_5/on_512/control,on_512,1,512,5,control,64,16384,1,4.0,2.0002070339396596,37335,17088,11.309179197996853,14.12682298570871,12.274637818336487,19.830743288621345,44.54895481467247,1.0853694687684001,1.4037652562563403,9317.75,8511.118954755942,0.9134307053479588,,,,64.0,0.0,0.07463454742880815,0.0,0,,
results/s8/raw/interference_formal/20260908T144356Z/block_5/on_512/inject_16384,on_512,1,512,5,inject,64,16384,1,4.0,1.3177668722346425,37175,2980,11.038732901215546,16.739055085927347,42.46059260331094,47.753386171534665,48.336331732571125,3.8465096477364114,2.8528125349011666,9277.75,2212.8345016407234,0.23850982206253923,1317.225900478661,1317.225900478661,1475.3561103716493,65.0,0.0,0.0752622031972785,0.0,0,,
results/s8/raw/interference_formal/20260908T144356Z/block_5/on_512/inject_24576,on_512,1,512,5,inject,64,24576,1,4.0,2.1600503837689757,37095,4029,11.586018092930317,16.28950819373129,49.727869778871536,58.70596695691347,60.04365812987089,4.2920587021364165,3.6039127921311556,9257.75,1835.605331150493,0.1982776950285429,2158.833588473499,2158.833588473499,2344.6156345307827,65.0,0.0,0.07903441436578518,0.0,0,,
results/s8/raw/interference_formal/20260908T144356Z/block_5/on_512/inject_8192,on_512,1,512,5,inject,64,8192,1,4.0,0.6235610507428646,37114,1699,11.212069494649768,15.457721501588821,37.50487016513944,37.68166745081544,38.75497356057167,3.3450443901579634,2.437724566776697,9262.5,2622.036764567289,0.2830808922609759,622.4345760419965,622.4345760419965,746.1702758446336,65.0,0.0,0.0714648857980329,0.0,0,,
results/s8/raw/interference_formal/20260908T144356Z/block_5/on_8192/control,on_8192,1,8192,5,control,64,16384,1,4.0,2.0019546318799257,37219,17022,10.821408778429031,14.047312587499615,12.321993336081501,17.760349335148938,21.171451546251774,1.1386681335468702,1.2643236366045894,9288.75,8470.721428924528,0.9119334064243872,,,,64.0,0.0,0.07601238233621832,0.0,0,,
results/s8/raw/interference_formal/20260908T144356Z/block_5/on_8192/inject_16384,on_8192,1,8192,5,inject,64,16384,1,4.0,0.5165839465335011,37159,583,11.402826476842165,15.339047051966183,248.66036754101515,249.51293045654893,250.18467754125595,21.80690621277241,16.266520965170777,9273.75,1004.6769813168055,0.10833556881701636,515.9085020422935,515.9085020422935,668.9791353419423,65.0,0.0,0.07596184218838842,0.0,0,,
results/s8/raw/interference_formal/20260908T144356Z/block_5/on_8192/inject_24576,on_8192,1,8192,5,inject,64,24576,1,4.0,0.8403754904866219,36883,688,11.093933228403332,14.976994600147009,315.2925927191973,315.8010096475482,315.9534567967057,28.420271352631445,21.085739701371622,9204.75,742.5252248119124,0.08066761452640347,839.7189313545823,839.7189313545823,1028.8181249052286,65.0,0.0,0.07901320361362052,0.0,0,,
results/s8/raw/interference_formal/20260908T144356Z/block_5/on_8192/inject_8192,on_8192,1,8192,5,inject,64,8192,1,4.0,0.2688479172065854,36940,662,11.615760438144198,14.684339882805949,164.3937218468636,165.50015388987958,166.04273673146963,14.152643963543046,11.270520514419957,9219.0,2224.3058685870005,0.24127409356622198,268.08351557701826,268.08351557701826,394.1897274926305,65.0,0.0,0.07237349169246321,0.0,0,,
